--
-- PostgreSQL database dump
--

\restrict Vhqh722hgblqlXA0b5nxSbbG3x2BsP9GltTCLe1aco3UujmiT1bXHqwi2NOAntK

-- Dumped from database version 15.14 (Debian 15.14-1.pgdg13+1)
-- Dumped by pg_dump version 15.14 (Debian 15.14-1.pgdg13+1)

SET statement_timeout = 0;
SET lock_timeout = 0;
SET idle_in_transaction_session_timeout = 0;
SET client_encoding = 'UTF8';
SET standard_conforming_strings = on;
SELECT pg_catalog.set_config('search_path', '', false);
SET check_function_bodies = false;
SET xmloption = content;
SET client_min_messages = warning;
SET row_security = off;

SET default_tablespace = '';

SET default_table_access_method = heap;

--
-- Name: auth_group; Type: TABLE; Schema: public; Owner: pguser
--

CREATE TABLE public.auth_group (
    id integer NOT NULL,
    name character varying(150) NOT NULL
);


ALTER TABLE public.auth_group OWNER TO pguser;

--
-- Name: auth_group_id_seq; Type: SEQUENCE; Schema: public; Owner: pguser
--

ALTER TABLE public.auth_group ALTER COLUMN id ADD GENERATED BY DEFAULT AS IDENTITY (
    SEQUENCE NAME public.auth_group_id_seq
    START WITH 1
    INCREMENT BY 1
    NO MINVALUE
    NO MAXVALUE
    CACHE 1
);


--
-- Name: auth_group_permissions; Type: TABLE; Schema: public; Owner: pguser
--

CREATE TABLE public.auth_group_permissions (
    id bigint NOT NULL,
    group_id integer NOT NULL,
    permission_id integer NOT NULL
);


ALTER TABLE public.auth_group_permissions OWNER TO pguser;

--
-- Name: auth_group_permissions_id_seq; Type: SEQUENCE; Schema: public; Owner: pguser
--

ALTER TABLE public.auth_group_permissions ALTER COLUMN id ADD GENERATED BY DEFAULT AS IDENTITY (
    SEQUENCE NAME public.auth_group_permissions_id_seq
    START WITH 1
    INCREMENT BY 1
    NO MINVALUE
    NO MAXVALUE
    CACHE 1
);


--
-- Name: auth_permission; Type: TABLE; Schema: public; Owner: pguser
--

CREATE TABLE public.auth_permission (
    id integer NOT NULL,
    name character varying(255) NOT NULL,
    content_type_id integer NOT NULL,
    codename character varying(100) NOT NULL
);


ALTER TABLE public.auth_permission OWNER TO pguser;

--
-- Name: auth_permission_id_seq; Type: SEQUENCE; Schema: public; Owner: pguser
--

ALTER TABLE public.auth_permission ALTER COLUMN id ADD GENERATED BY DEFAULT AS IDENTITY (
    SEQUENCE NAME public.auth_permission_id_seq
    START WITH 1
    INCREMENT BY 1
    NO MINVALUE
    NO MAXVALUE
    CACHE 1
);


--
-- Name: authtoken_token; Type: TABLE; Schema: public; Owner: pguser
--

CREATE TABLE public.authtoken_token (
    key character varying(40) NOT NULL,
    created timestamp with time zone NOT NULL,
    user_id bigint NOT NULL
);


ALTER TABLE public.authtoken_token OWNER TO pguser;

--
-- Name: django_admin_log; Type: TABLE; Schema: public; Owner: pguser
--

CREATE TABLE public.django_admin_log (
    id integer NOT NULL,
    action_time timestamp with time zone NOT NULL,
    object_id text,
    object_repr character varying(200) NOT NULL,
    action_flag smallint NOT NULL,
    change_message text NOT NULL,
    content_type_id integer,
    user_id bigint NOT NULL,
    CONSTRAINT django_admin_log_action_flag_check CHECK ((action_flag >= 0))
);


ALTER TABLE public.django_admin_log OWNER TO pguser;

--
-- Name: django_admin_log_id_seq; Type: SEQUENCE; Schema: public; Owner: pguser
--

ALTER TABLE public.django_admin_log ALTER COLUMN id ADD GENERATED BY DEFAULT AS IDENTITY (
    SEQUENCE NAME public.django_admin_log_id_seq
    START WITH 1
    INCREMENT BY 1
    NO MINVALUE
    NO MAXVALUE
    CACHE 1
);


--
-- Name: django_content_type; Type: TABLE; Schema: public; Owner: pguser
--

CREATE TABLE public.django_content_type (
    id integer NOT NULL,
    app_label character varying(100) NOT NULL,
    model character varying(100) NOT NULL
);


ALTER TABLE public.django_content_type OWNER TO pguser;

--
-- Name: django_content_type_id_seq; Type: SEQUENCE; Schema: public; Owner: pguser
--

ALTER TABLE public.django_content_type ALTER COLUMN id ADD GENERATED BY DEFAULT AS IDENTITY (
    SEQUENCE NAME public.django_content_type_id_seq
    START WITH 1
    INCREMENT BY 1
    NO MINVALUE
    NO MAXVALUE
    CACHE 1
);


--
-- Name: django_migrations; Type: TABLE; Schema: public; Owner: pguser
--

CREATE TABLE public.django_migrations (
    id bigint NOT NULL,
    app character varying(255) NOT NULL,
    name character varying(255) NOT NULL,
    applied timestamp with time zone NOT NULL
);


ALTER TABLE public.django_migrations OWNER TO pguser;

--
-- Name: django_migrations_id_seq; Type: SEQUENCE; Schema: public; Owner: pguser
--

ALTER TABLE public.django_migrations ALTER COLUMN id ADD GENERATED BY DEFAULT AS IDENTITY (
    SEQUENCE NAME public.django_migrations_id_seq
    START WITH 1
    INCREMENT BY 1
    NO MINVALUE
    NO MAXVALUE
    CACHE 1
);


--
-- Name: django_session; Type: TABLE; Schema: public; Owner: pguser
--

CREATE TABLE public.django_session (
    session_key character varying(40) NOT NULL,
    session_data text NOT NULL,
    expire_date timestamp with time zone NOT NULL
);


ALTER TABLE public.django_session OWNER TO pguser;

--
-- Name: userapp_campus; Type: TABLE; Schema: public; Owner: pguser
--

CREATE TABLE public.userapp_campus (
    id bigint NOT NULL,
    en_name character varying(200) NOT NULL,
    cn_name character varying(200) NOT NULL
);


ALTER TABLE public.userapp_campus OWNER TO pguser;

--
-- Name: userapp_campus_id_seq; Type: SEQUENCE; Schema: public; Owner: pguser
--

ALTER TABLE public.userapp_campus ALTER COLUMN id ADD GENERATED BY DEFAULT AS IDENTITY (
    SEQUENCE NAME public.userapp_campus_id_seq
    START WITH 1
    INCREMENT BY 1
    NO MINVALUE
    NO MAXVALUE
    CACHE 1
);


--
-- Name: userapp_user; Type: TABLE; Schema: public; Owner: pguser
--

CREATE TABLE public.userapp_user (
    id bigint NOT NULL,
    password character varying(128) NOT NULL,
    last_login timestamp with time zone,
    is_superuser boolean NOT NULL,
    username character varying(50) NOT NULL,
    name character varying(50) NOT NULL,
    "preferedLanguage" character varying(2) NOT NULL,
    email character varying(100) NOT NULL,
    "weixinId" character varying(50) NOT NULL,
    phone_number character varying(20) NOT NULL,
    is_active boolean NOT NULL,
    is_staff boolean NOT NULL,
    campus_id bigint
);


ALTER TABLE public.userapp_user OWNER TO pguser;

--
-- Name: userapp_user_groups; Type: TABLE; Schema: public; Owner: pguser
--

CREATE TABLE public.userapp_user_groups (
    id bigint NOT NULL,
    user_id bigint NOT NULL,
    group_id integer NOT NULL
);


ALTER TABLE public.userapp_user_groups OWNER TO pguser;

--
-- Name: userapp_user_groups_id_seq; Type: SEQUENCE; Schema: public; Owner: pguser
--

ALTER TABLE public.userapp_user_groups ALTER COLUMN id ADD GENERATED BY DEFAULT AS IDENTITY (
    SEQUENCE NAME public.userapp_user_groups_id_seq
    START WITH 1
    INCREMENT BY 1
    NO MINVALUE
    NO MAXVALUE
    CACHE 1
);


--
-- Name: userapp_user_id_seq; Type: SEQUENCE; Schema: public; Owner: pguser
--

ALTER TABLE public.userapp_user ALTER COLUMN id ADD GENERATED BY DEFAULT AS IDENTITY (
    SEQUENCE NAME public.userapp_user_id_seq
    START WITH 1
    INCREMENT BY 1
    NO MINVALUE
    NO MAXVALUE
    CACHE 1
);


--
-- Name: userapp_user_user_permissions; Type: TABLE; Schema: public; Owner: pguser
--

CREATE TABLE public.userapp_user_user_permissions (
    id bigint NOT NULL,
    user_id bigint NOT NULL,
    permission_id integer NOT NULL
);


ALTER TABLE public.userapp_user_user_permissions OWNER TO pguser;

--
-- Name: userapp_user_user_permissions_id_seq; Type: SEQUENCE; Schema: public; Owner: pguser
--

ALTER TABLE public.userapp_user_user_permissions ALTER COLUMN id ADD GENERATED BY DEFAULT AS IDENTITY (
    SEQUENCE NAME public.userapp_user_user_permissions_id_seq
    START WITH 1
    INCREMENT BY 1
    NO MINVALUE
    NO MAXVALUE
    CACHE 1
);


--
-- Data for Name: auth_group; Type: TABLE DATA; Schema: public; Owner: pguser
--

COPY public.auth_group (id, name) FROM stdin;
\.


--
-- Data for Name: auth_group_permissions; Type: TABLE DATA; Schema: public; Owner: pguser
--

COPY public.auth_group_permissions (id, group_id, permission_id) FROM stdin;
\.


--
-- Data for Name: auth_permission; Type: TABLE DATA; Schema: public; Owner: pguser
--

COPY public.auth_permission (id, name, content_type_id, codename) FROM stdin;
1	Can add log entry	1	add_logentry
2	Can change log entry	1	change_logentry
3	Can delete log entry	1	delete_logentry
4	Can view log entry	1	view_logentry
5	Can add permission	2	add_permission
6	Can change permission	2	change_permission
7	Can delete permission	2	delete_permission
8	Can view permission	2	view_permission
9	Can add group	3	add_group
10	Can change group	3	change_group
11	Can delete group	3	delete_group
12	Can view group	3	view_group
13	Can add content type	4	add_contenttype
14	Can change content type	4	change_contenttype
15	Can delete content type	4	delete_contenttype
16	Can view content type	4	view_contenttype
17	Can add session	5	add_session
18	Can change session	5	change_session
19	Can delete session	5	delete_session
20	Can view session	5	view_session
21	Can add Campus	6	add_campus
22	Can change Campus	6	change_campus
23	Can delete Campus	6	delete_campus
24	Can view Campus	6	view_campus
25	Can add user	7	add_user
26	Can change user	7	change_user
27	Can delete user	7	delete_user
28	Can view user	7	view_user
29	Can add Token	8	add_token
30	Can change Token	8	change_token
31	Can delete Token	8	delete_token
32	Can view Token	8	view_token
33	Can add Token	9	add_tokenproxy
34	Can change Token	9	change_tokenproxy
35	Can delete Token	9	delete_tokenproxy
36	Can view Token	9	view_tokenproxy
\.


--
-- Data for Name: authtoken_token; Type: TABLE DATA; Schema: public; Owner: pguser
--

COPY public.authtoken_token (key, created, user_id) FROM stdin;
\.


--
-- Data for Name: django_admin_log; Type: TABLE DATA; Schema: public; Owner: pguser
--

COPY public.django_admin_log (id, action_time, object_id, object_repr, action_flag, change_message, content_type_id, user_id) FROM stdin;
1	2025-11-12 08:59:46.163813+00	1	Jiading Campus	2	[{"changed": {"fields": ["En name", "Cn name"]}}]	6	1
2	2025-11-12 09:00:06.466161+00	2	Siping Road Campus	1	[{"added": {}}]	6	1
3	2025-11-12 09:05:13.283017+00	3	Huxi Campus	1	[{"added": {}}]	6	1
4	2025-11-12 09:06:33.877807+00	4	Hubei Campus	1	[{"added": {}}]	6	1
5	2025-11-12 09:07:28.388114+00	2	admin	1	[{"added": {}}]	7	1
6	2025-11-12 09:07:36.080712+00	2	admin	2	[]	7	1
\.


--
-- Data for Name: django_content_type; Type: TABLE DATA; Schema: public; Owner: pguser
--

COPY public.django_content_type (id, app_label, model) FROM stdin;
1	admin	logentry
2	auth	permission
3	auth	group
4	contenttypes	contenttype
5	sessions	session
6	userapp	campus
7	userapp	user
8	authtoken	token
9	authtoken	tokenproxy
\.


--
-- Data for Name: django_migrations; Type: TABLE DATA; Schema: public; Owner: pguser
--

COPY public.django_migrations (id, app, name, applied) FROM stdin;
1	contenttypes	0001_initial	2025-11-12 08:36:50.595771+00
2	contenttypes	0002_remove_content_type_name	2025-11-12 08:36:50.601217+00
3	auth	0001_initial	2025-11-12 08:36:50.657341+00
4	auth	0002_alter_permission_name_max_length	2025-11-12 08:36:50.663159+00
5	auth	0003_alter_user_email_max_length	2025-11-12 08:36:50.667731+00
6	auth	0004_alter_user_username_opts	2025-11-12 08:36:50.672148+00
7	auth	0005_alter_user_last_login_null	2025-11-12 08:36:50.676245+00
8	auth	0006_require_contenttypes_0002	2025-11-12 08:36:50.678797+00
9	auth	0007_alter_validators_add_error_messages	2025-11-12 08:36:50.683427+00
10	auth	0008_alter_user_username_max_length	2025-11-12 08:36:50.687672+00
11	auth	0009_alter_user_last_name_max_length	2025-11-12 08:36:50.692352+00
12	auth	0010_alter_group_name_max_length	2025-11-12 08:36:50.697246+00
13	auth	0011_update_proxy_permissions	2025-11-12 08:36:50.7014+00
14	auth	0012_alter_user_first_name_max_length	2025-11-12 08:36:50.706213+00
15	userapp	0001_initial	2025-11-12 08:36:50.785599+00
16	admin	0001_initial	2025-11-12 08:36:50.813977+00
17	admin	0002_logentry_remove_auto_add	2025-11-12 08:36:50.82055+00
18	admin	0003_logentry_add_action_flag_choices	2025-11-12 08:36:50.825848+00
19	sessions	0001_initial	2025-11-12 08:36:50.849182+00
20	userapp	0002_alter_campus_options	2025-11-12 08:36:50.854029+00
21	userapp	0003_rename_name_campus_en_name_campus_cn_name	2025-11-12 08:36:50.861048+00
22	userapp	0004_alter_campus_cn_name	2025-11-12 08:36:50.872981+00
23	userapp	0005_rename_language_user_preferedlanguage	2025-11-12 08:36:50.878564+00
24	userapp	0006_alter_user_email	2025-11-12 08:36:50.883814+00
25	authtoken	0001_initial	2025-11-26 05:33:26.32242+00
26	authtoken	0002_auto_20160226_1747	2025-11-26 05:33:26.336862+00
27	authtoken	0003_tokenproxy	2025-11-26 05:33:26.339427+00
28	authtoken	0004_alter_tokenproxy_options	2025-11-26 05:33:26.342573+00
\.


--
-- Data for Name: django_session; Type: TABLE DATA; Schema: public; Owner: pguser
--

COPY public.django_session (session_key, session_data, expire_date) FROM stdin;
mb5y23z9g3h16ftbbw1a012s3d5tnk6n	.eJxVjEEOwiAQRe_C2hBogYJL956BDDODVA0kpV0Z765NutDtf-_9l4iwrSVunZc4kzgLLU6_WwJ8cN0B3aHemsRW12VOclfkQbu8NuLn5XD_Dgr08q0xjT6HTFMGa8dAqBSxysGaAZkmdpqBEnmFg3U6qISQnPXaKECjPYv3BxA4OLs:1vJ6T0:hCDpZxlLwrWkLHww4gsTZAYoD5Ptu7RyH1sn4f0tJ00	2025-11-26 08:44:38.854256+00
789j5fvzprhnlv5b18muis4k7q57hj59	.eJxVjEEOwiAQRe_C2hBogYJL956BDDODVA0kpV0Z765NutDtf-_9l4iwrSVunZc4kzgLLU6_WwJ8cN0B3aHemsRW12VOclfkQbu8NuLn5XD_Dgr08q0xjT6HTFMGa8dAqBSxysGaAZkmdpqBEnmFg3U6qISQnPXaKECjPYv3BxA4OLs:1vO89U:zjXvzRqw1k0guyZjzNEKwbiLs9cItKKY9hIO6NwqrOw	2025-12-10 05:33:16.078025+00
\.


--
-- Data for Name: userapp_campus; Type: TABLE DATA; Schema: public; Owner: pguser
--

COPY public.userapp_campus (id, en_name, cn_name) FROM stdin;
1	Jiading Campus	σÿëσ«Üµáíσî║
2	Siping Road Campus	σ¢¢σ╣│Φ╖»µáíσî║
3	Huxi Campus	µ╣ûΦÑ┐µáíσî║
4	Hubei Campus	µ╣ûσîùµáíσî║
\.


--
-- Data for Name: userapp_user; Type: TABLE DATA; Schema: public; Owner: pguser
--

COPY public.userapp_user (id, password, last_login, is_superuser, username, name, "preferedLanguage", email, "weixinId", phone_number, is_active, is_staff, campus_id) FROM stdin;
2	pbkdf2_sha256$1000000$fuvXofm2BVRnVCsuikmBZZ$aNRLVmqJNndLt3zOUV9IpRQS9BaGCPZ2tS+/6SXINlk=	\N	t	admin	admin	en				t	t	2
1	pbkdf2_sha256$1000000$jGWZ0A7Ya1SJDlT1s54NXu$FjtuwfqzmrNvEEmUiv1F2dRM3wcDRsmn31xP1WPh95o=	2025-11-26 05:33:16.075312+00	t	Patala		en				t	t	1
\.


--
-- Data for Name: userapp_user_groups; Type: TABLE DATA; Schema: public; Owner: pguser
--

COPY public.userapp_user_groups (id, user_id, group_id) FROM stdin;
\.


--
-- Data for Name: userapp_user_user_permissions; Type: TABLE DATA; Schema: public; Owner: pguser
--

COPY public.userapp_user_user_permissions (id, user_id, permission_id) FROM stdin;
\.


--
-- Name: auth_group_id_seq; Type: SEQUENCE SET; Schema: public; Owner: pguser
--

SELECT pg_catalog.setval('public.auth_group_id_seq', 1, false);


--
-- Name: auth_group_permissions_id_seq; Type: SEQUENCE SET; Schema: public; Owner: pguser
--

SELECT pg_catalog.setval('public.auth_group_permissions_id_seq', 1, false);


--
-- Name: auth_permission_id_seq; Type: SEQUENCE SET; Schema: public; Owner: pguser
--

SELECT pg_catalog.setval('public.auth_permission_id_seq', 36, true);


--
-- Name: django_admin_log_id_seq; Type: SEQUENCE SET; Schema: public; Owner: pguser
--

SELECT pg_catalog.setval('public.django_admin_log_id_seq', 6, true);


--
-- Name: django_content_type_id_seq; Type: SEQUENCE SET; Schema: public; Owner: pguser
--

SELECT pg_catalog.setval('public.django_content_type_id_seq', 9, true);


--
-- Name: django_migrations_id_seq; Type: SEQUENCE SET; Schema: public; Owner: pguser
--

SELECT pg_catalog.setval('public.django_migrations_id_seq', 28, true);


--
-- Name: userapp_campus_id_seq; Type: SEQUENCE SET; Schema: public; Owner: pguser
--

SELECT pg_catalog.setval('public.userapp_campus_id_seq', 4, true);


--
-- Name: userapp_user_groups_id_seq; Type: SEQUENCE SET; Schema: public; Owner: pguser
--

SELECT pg_catalog.setval('public.userapp_user_groups_id_seq', 1, false);


--
-- Name: userapp_user_id_seq; Type: SEQUENCE SET; Schema: public; Owner: pguser
--

SELECT pg_catalog.setval('public.userapp_user_id_seq', 2, true);


--
-- Name: userapp_user_user_permissions_id_seq; Type: SEQUENCE SET; Schema: public; Owner: pguser
--

SELECT pg_catalog.setval('public.userapp_user_user_permissions_id_seq', 1, false);


--
-- Name: auth_group auth_group_name_key; Type: CONSTRAINT; Schema: public; Owner: pguser
--

ALTER TABLE ONLY public.auth_group
    ADD CONSTRAINT auth_group_name_key UNIQUE (name);


--
-- Name: auth_group_permissions auth_group_permissions_group_id_permission_id_0cd325b0_uniq; Type: CONSTRAINT; Schema: public; Owner: pguser
--

ALTER TABLE ONLY public.auth_group_permissions
    ADD CONSTRAINT auth_group_permissions_group_id_permission_id_0cd325b0_uniq UNIQUE (group_id, permission_id);


--
-- Name: auth_group_permissions auth_group_permissions_pkey; Type: CONSTRAINT; Schema: public; Owner: pguser
--

ALTER TABLE ONLY public.auth_group_permissions
    ADD CONSTRAINT auth_group_permissions_pkey PRIMARY KEY (id);


--
-- Name: auth_group auth_group_pkey; Type: CONSTRAINT; Schema: public; Owner: pguser
--

ALTER TABLE ONLY public.auth_group
    ADD CONSTRAINT auth_group_pkey PRIMARY KEY (id);


--
-- Name: auth_permission auth_permission_content_type_id_codename_01ab375a_uniq; Type: CONSTRAINT; Schema: public; Owner: pguser
--

ALTER TABLE ONLY public.auth_permission
    ADD CONSTRAINT auth_permission_content_type_id_codename_01ab375a_uniq UNIQUE (content_type_id, codename);


--
-- Name: auth_permission auth_permission_pkey; Type: CONSTRAINT; Schema: public; Owner: pguser
--

ALTER TABLE ONLY public.auth_permission
    ADD CONSTRAINT auth_permission_pkey PRIMARY KEY (id);


--
-- Name: authtoken_token authtoken_token_pkey; Type: CONSTRAINT; Schema: public; Owner: pguser
--

ALTER TABLE ONLY public.authtoken_token
    ADD CONSTRAINT authtoken_token_pkey PRIMARY KEY (key);


--
-- Name: authtoken_token authtoken_token_user_id_key; Type: CONSTRAINT; Schema: public; Owner: pguser
--

ALTER TABLE ONLY public.authtoken_token
    ADD CONSTRAINT authtoken_token_user_id_key UNIQUE (user_id);


--
-- Name: django_admin_log django_admin_log_pkey; Type: CONSTRAINT; Schema: public; Owner: pguser
--

ALTER TABLE ONLY public.django_admin_log
    ADD CONSTRAINT django_admin_log_pkey PRIMARY KEY (id);


--
-- Name: django_content_type django_content_type_app_label_model_76bd3d3b_uniq; Type: CONSTRAINT; Schema: public; Owner: pguser
--

ALTER TABLE ONLY public.django_content_type
    ADD CONSTRAINT django_content_type_app_label_model_76bd3d3b_uniq UNIQUE (app_label, model);


--
-- Name: django_content_type django_content_type_pkey; Type: CONSTRAINT; Schema: public; Owner: pguser
--

ALTER TABLE ONLY public.django_content_type
    ADD CONSTRAINT django_content_type_pkey PRIMARY KEY (id);


--
-- Name: django_migrations django_migrations_pkey; Type: CONSTRAINT; Schema: public; Owner: pguser
--

ALTER TABLE ONLY public.django_migrations
    ADD CONSTRAINT django_migrations_pkey PRIMARY KEY (id);


--
-- Name: django_session django_session_pkey; Type: CONSTRAINT; Schema: public; Owner: pguser
--

ALTER TABLE ONLY public.django_session
    ADD CONSTRAINT django_session_pkey PRIMARY KEY (session_key);


--
-- Name: userapp_campus userapp_campus_cn_name_7fe383cb_uniq; Type: CONSTRAINT; Schema: public; Owner: pguser
--

ALTER TABLE ONLY public.userapp_campus
    ADD CONSTRAINT userapp_campus_cn_name_7fe383cb_uniq UNIQUE (cn_name);


--
-- Name: userapp_campus userapp_campus_name_key; Type: CONSTRAINT; Schema: public; Owner: pguser
--

ALTER TABLE ONLY public.userapp_campus
    ADD CONSTRAINT userapp_campus_name_key UNIQUE (en_name);


--
-- Name: userapp_campus userapp_campus_pkey; Type: CONSTRAINT; Schema: public; Owner: pguser
--

ALTER TABLE ONLY public.userapp_campus
    ADD CONSTRAINT userapp_campus_pkey PRIMARY KEY (id);


--
-- Name: userapp_user_groups userapp_user_groups_pkey; Type: CONSTRAINT; Schema: public; Owner: pguser
--

ALTER TABLE ONLY public.userapp_user_groups
    ADD CONSTRAINT userapp_user_groups_pkey PRIMARY KEY (id);


--
-- Name: userapp_user_groups userapp_user_groups_user_id_group_id_809fade4_uniq; Type: CONSTRAINT; Schema: public; Owner: pguser
--

ALTER TABLE ONLY public.userapp_user_groups
    ADD CONSTRAINT userapp_user_groups_user_id_group_id_809fade4_uniq UNIQUE (user_id, group_id);


--
-- Name: userapp_user userapp_user_pkey; Type: CONSTRAINT; Schema: public; Owner: pguser
--

ALTER TABLE ONLY public.userapp_user
    ADD CONSTRAINT userapp_user_pkey PRIMARY KEY (id);


--
-- Name: userapp_user_user_permissions userapp_user_user_permis_user_id_permission_id_2e646fa8_uniq; Type: CONSTRAINT; Schema: public; Owner: pguser
--

ALTER TABLE ONLY public.userapp_user_user_permissions
    ADD CONSTRAINT userapp_user_user_permis_user_id_permission_id_2e646fa8_uniq UNIQUE (user_id, permission_id);


--
-- Name: userapp_user_user_permissions userapp_user_user_permissions_pkey; Type: CONSTRAINT; Schema: public; Owner: pguser
--

ALTER TABLE ONLY public.userapp_user_user_permissions
    ADD CONSTRAINT userapp_user_user_permissions_pkey PRIMARY KEY (id);


--
-- Name: userapp_user userapp_user_username_key; Type: CONSTRAINT; Schema: public; Owner: pguser
--

ALTER TABLE ONLY public.userapp_user
    ADD CONSTRAINT userapp_user_username_key UNIQUE (username);


--
-- Name: auth_group_name_a6ea08ec_like; Type: INDEX; Schema: public; Owner: pguser
--

CREATE INDEX auth_group_name_a6ea08ec_like ON public.auth_group USING btree (name varchar_pattern_ops);


--
-- Name: auth_group_permissions_group_id_b120cbf9; Type: INDEX; Schema: public; Owner: pguser
--

CREATE INDEX auth_group_permissions_group_id_b120cbf9 ON public.auth_group_permissions USING btree (group_id);


--
-- Name: auth_group_permissions_permission_id_84c5c92e; Type: INDEX; Schema: public; Owner: pguser
--

CREATE INDEX auth_group_permissions_permission_id_84c5c92e ON public.auth_group_permissions USING btree (permission_id);


--
-- Name: auth_permission_content_type_id_2f476e4b; Type: INDEX; Schema: public; Owner: pguser
--

CREATE INDEX auth_permission_content_type_id_2f476e4b ON public.auth_permission USING btree (content_type_id);


--
-- Name: authtoken_token_key_10f0b77e_like; Type: INDEX; Schema: public; Owner: pguser
--

CREATE INDEX authtoken_token_key_10f0b77e_like ON public.authtoken_token USING btree (key varchar_pattern_ops);


--
-- Name: django_admin_log_content_type_id_c4bce8eb; Type: INDEX; Schema: public; Owner: pguser
--

CREATE INDEX django_admin_log_content_type_id_c4bce8eb ON public.django_admin_log USING btree (content_type_id);


--
-- Name: django_admin_log_user_id_c564eba6; Type: INDEX; Schema: public; Owner: pguser
--

CREATE INDEX django_admin_log_user_id_c564eba6 ON public.django_admin_log USING btree (user_id);


--
-- Name: django_session_expire_date_a5c62663; Type: INDEX; Schema: public; Owner: pguser
--

CREATE INDEX django_session_expire_date_a5c62663 ON public.django_session USING btree (expire_date);


--
-- Name: django_session_session_key_c0390e0f_like; Type: INDEX; Schema: public; Owner: pguser
--

CREATE INDEX django_session_session_key_c0390e0f_like ON public.django_session USING btree (session_key varchar_pattern_ops);


--
-- Name: userapp_campus_cn_name_7fe383cb_like; Type: INDEX; Schema: public; Owner: pguser
--

CREATE INDEX userapp_campus_cn_name_7fe383cb_like ON public.userapp_campus USING btree (cn_name varchar_pattern_ops);


--
-- Name: userapp_campus_name_13cd4a8c_like; Type: INDEX; Schema: public; Owner: pguser
--

CREATE INDEX userapp_campus_name_13cd4a8c_like ON public.userapp_campus USING btree (en_name varchar_pattern_ops);


--
-- Name: userapp_user_campus_id_cbbe95dc; Type: INDEX; Schema: public; Owner: pguser
--

CREATE INDEX userapp_user_campus_id_cbbe95dc ON public.userapp_user USING btree (campus_id);


--
-- Name: userapp_user_groups_group_id_2c7413e1; Type: INDEX; Schema: public; Owner: pguser
--

CREATE INDEX userapp_user_groups_group_id_2c7413e1 ON public.userapp_user_groups USING btree (group_id);


--
-- Name: userapp_user_groups_user_id_1f2cef9b; Type: INDEX; Schema: public; Owner: pguser
--

CREATE INDEX userapp_user_groups_user_id_1f2cef9b ON public.userapp_user_groups USING btree (user_id);


--
-- Name: userapp_user_user_permissions_permission_id_d925323f; Type: INDEX; Schema: public; Owner: pguser
--

CREATE INDEX userapp_user_user_permissions_permission_id_d925323f ON public.userapp_user_user_permissions USING btree (permission_id);


--
-- Name: userapp_user_user_permissions_user_id_83c73166; Type: INDEX; Schema: public; Owner: pguser
--

CREATE INDEX userapp_user_user_permissions_user_id_83c73166 ON public.userapp_user_user_permissions USING btree (user_id);


--
-- Name: userapp_user_username_40e955dd_like; Type: INDEX; Schema: public; Owner: pguser
--

CREATE INDEX userapp_user_username_40e955dd_like ON public.userapp_user USING btree (username varchar_pattern_ops);


--
-- Name: auth_group_permissions auth_group_permissio_permission_id_84c5c92e_fk_auth_perm; Type: FK CONSTRAINT; Schema: public; Owner: pguser
--

ALTER TABLE ONLY public.auth_group_permissions
    ADD CONSTRAINT auth_group_permissio_permission_id_84c5c92e_fk_auth_perm FOREIGN KEY (permission_id) REFERENCES public.auth_permission(id) DEFERRABLE INITIALLY DEFERRED;


--
-- Name: auth_group_permissions auth_group_permissions_group_id_b120cbf9_fk_auth_group_id; Type: FK CONSTRAINT; Schema: public; Owner: pguser
--

ALTER TABLE ONLY public.auth_group_permissions
    ADD CONSTRAINT auth_group_permissions_group_id_b120cbf9_fk_auth_group_id FOREIGN KEY (group_id) REFERENCES public.auth_group(id) DEFERRABLE INITIALLY DEFERRED;


--
-- Name: auth_permission auth_permission_content_type_id_2f476e4b_fk_django_co; Type: FK CONSTRAINT; Schema: public; Owner: pguser
--

ALTER TABLE ONLY public.auth_permission
    ADD CONSTRAINT auth_permission_content_type_id_2f476e4b_fk_django_co FOREIGN KEY (content_type_id) REFERENCES public.django_content_type(id) DEFERRABLE INITIALLY DEFERRED;


--
-- Name: authtoken_token authtoken_token_user_id_35299eff_fk_userapp_user_id; Type: FK CONSTRAINT; Schema: public; Owner: pguser
--

ALTER TABLE ONLY public.authtoken_token
    ADD CONSTRAINT authtoken_token_user_id_35299eff_fk_userapp_user_id FOREIGN KEY (user_id) REFERENCES public.userapp_user(id) DEFERRABLE INITIALLY DEFERRED;


--
-- Name: django_admin_log django_admin_log_content_type_id_c4bce8eb_fk_django_co; Type: FK CONSTRAINT; Schema: public; Owner: pguser
--

ALTER TABLE ONLY public.django_admin_log
    ADD CONSTRAINT django_admin_log_content_type_id_c4bce8eb_fk_django_co FOREIGN KEY (content_type_id) REFERENCES public.django_content_type(id) DEFERRABLE INITIALLY DEFERRED;


--
-- Name: django_admin_log django_admin_log_user_id_c564eba6_fk_userapp_user_id; Type: FK CONSTRAINT; Schema: public; Owner: pguser
--

ALTER TABLE ONLY public.django_admin_log
    ADD CONSTRAINT django_admin_log_user_id_c564eba6_fk_userapp_user_id FOREIGN KEY (user_id) REFERENCES public.userapp_user(id) DEFERRABLE INITIALLY DEFERRED;


--
-- Name: userapp_user userapp_user_campus_id_cbbe95dc_fk_userapp_campus_id; Type: FK CONSTRAINT; Schema: public; Owner: pguser
--

ALTER TABLE ONLY public.userapp_user
    ADD CONSTRAINT userapp_user_campus_id_cbbe95dc_fk_userapp_campus_id FOREIGN KEY (campus_id) REFERENCES public.userapp_campus(id) DEFERRABLE INITIALLY DEFERRED;


--
-- Name: userapp_user_groups userapp_user_groups_group_id_2c7413e1_fk_auth_group_id; Type: FK CONSTRAINT; Schema: public; Owner: pguser
--

ALTER TABLE ONLY public.userapp_user_groups
    ADD CONSTRAINT userapp_user_groups_group_id_2c7413e1_fk_auth_group_id FOREIGN KEY (group_id) REFERENCES public.auth_group(id) DEFERRABLE INITIALLY DEFERRED;


--
-- Name: userapp_user_groups userapp_user_groups_user_id_1f2cef9b_fk_userapp_user_id; Type: FK CONSTRAINT; Schema: public; Owner: pguser
--

ALTER TABLE ONLY public.userapp_user_groups
    ADD CONSTRAINT userapp_user_groups_user_id_1f2cef9b_fk_userapp_user_id FOREIGN KEY (user_id) REFERENCES public.userapp_user(id) DEFERRABLE INITIALLY DEFERRED;


--
-- Name: userapp_user_user_permissions userapp_user_user_pe_permission_id_d925323f_fk_auth_perm; Type: FK CONSTRAINT; Schema: public; Owner: pguser
--

ALTER TABLE ONLY public.userapp_user_user_permissions
    ADD CONSTRAINT userapp_user_user_pe_permission_id_d925323f_fk_auth_perm FOREIGN KEY (permission_id) REFERENCES public.auth_permission(id) DEFERRABLE INITIALLY DEFERRED;


--
-- Name: userapp_user_user_permissions userapp_user_user_pe_user_id_83c73166_fk_userapp_u; Type: FK CONSTRAINT; Schema: public; Owner: pguser
--

ALTER TABLE ONLY public.userapp_user_user_permissions
    ADD CONSTRAINT userapp_user_user_pe_user_id_83c73166_fk_userapp_u FOREIGN KEY (user_id) REFERENCES public.userapp_user(id) DEFERRABLE INITIALLY DEFERRED;


--
-- PostgreSQL database dump complete
--

\unrestrict Vhqh722hgblqlXA0b5nxSbbG3x2BsP9GltTCLe1aco3UujmiT1bXHqwi2NOAntK

